{
  "algorithm": "TLBO",
  "1d_analysis": {
    "pop_size": {
      "values": [
        20,
        50,
        100
      ],
      "mean_scores": [
        5.740410373674015e-57,
        1.4753023940852818e-21,
        3.768879204397455e-10
      ],
      "std_scores": [
        5.743190968437007e-57,
        9.777090852586105e-22,
        1.5040037129734422e-10
      ],
      "best_scores": [
        1.0697512049010795e-57,
        3.9316877952576363e-22,
        1.7667635380886959e-10
      ]
    }
  },
  "2d_analysis": {}
}