{
  "algorithm": "PSO",
  "1d_analysis": {
    "pop_size": {
      "values": [
        20,
        50,
        100
      ],
      "mean_scores": [
        5.80403959181029,
        4.976998496172585,
        3.8864898273520616
      ],
      "std_scores": [
        1.2848818001802553,
        2.904786708469153,
        0.14402233374770734
      ],
      "best_scores": [
        4.079278585985214,
        2.7696764782717094,
        3.6990311356273518
      ]
    },
    "c1": {
      "values": [
        1.0,
        2.0,
        2.5
      ],
      "mean_scores": [
        1.3896106719988186,
        5.430340018156278,
        6.424654480442764
      ],
      "std_scores": [
        0.9287434240794168,
        1.1346611411095893,
        1.447360785721691
      ],
      "best_scores": [
        0.09623133877583437,
        4.578011874822251,
        4.385774279433021
      ]
    }
  },
  "2d_analysis": {}
}