{
  "algorithm": "SimulatedAnnealing",
  "1d_analysis": {
    "initial_temp": {
      "values": [
        500,
        1000,
        2000
      ],
      "mean_scores": [
        10.089358640929719,
        8.510739028508672,
        33.27544507977469
      ],
      "std_scores": [
        0.792032180498928,
        0.7688074362335959,
        33.79543197108003
      ],
      "best_scores": [
        8.977605001535348,
        7.839716409495838,
        9.085313998935712
      ]
    }
  },
  "2d_analysis": {}
}