{
  "algorithm": "GeneticAlgorithm",
  "1d_analysis": {
    "pop_size": {
      "values": [
        20,
        50,
        100
      ],
      "mean_scores": [
        0.004680955841953012,
        0.9112382169113241,
        2.053673032958296
      ],
      "std_scores": [
        0.002602323219571376,
        0.2663679814099673,
        0.371256319905238
      ],
      "best_scores": [
        0.0013111201997872968,
        0.540348156833673,
        1.5302874130581756
      ]
    },
    "mutation_rate": {
      "values": [
        0.05,
        0.1,
        0.2
      ],
      "mean_scores": [
        0.04327963288368153,
        1.202536061224663,
        6.177307007204926
      ],
      "std_scores": [
        0.026956912877715372,
        0.6818835287106411,
        2.3839571357987377
      ],
      "best_scores": [
        0.016724818618115478,
        0.45102120381405086,
        4.149092570094481
      ]
    }
  },
  "2d_analysis": {}
}