{
  "algorithm": "SimulatedAnnealing",
  "1d_analysis": {
    "initial_temp": {
      "values": [
        500,
        1000,
        2000
      ],
      "mean_scores": [
        61.98151479932556,
        98.80624004779152,
        68.41193981596076
      ],
      "std_scores": [
        13.206478116812502,
        11.933567210330494,
        21.554698911301447
      ],
      "best_scores": [
        44.910311194194406,
        84.03775263041896,
        48.40232794956885
      ]
    }
  },
  "2d_analysis": {}
}