{
  "algorithm": "TLBO",
  "1d_analysis": {
    "pop_size": {
      "values": [
        20,
        50,
        100
      ],
      "mean_scores": [
        3.9968028886505635e-15,
        5.098942009359083e-10,
        0.0002737894689504768
      ],
      "std_scores": [
        0.0,
        2.448730962841149e-10,
        8.045077361894884e-05
      ],
      "best_scores": [
        3.9968028886505635e-15,
        2.2771873275928556e-10,
        0.00016194139641756422
      ]
    }
  },
  "2d_analysis": {}
}