{
  "algorithm": "TLBO",
  "1d_analysis": {
    "pop_size": {
      "values": [
        20,
        50,
        100
      ],
      "mean_scores": [
        3.9968028886505635e-15,
        4.245319651374757e-10,
        0.0002555333558421265
      ],
      "std_scores": [
        0.0,
        1.453511087838153e-10,
        6.764268515327671e-05
      ],
      "best_scores": [
        3.9968028886505635e-15,
        3.1643354603261287e-10,
        0.0001665706623410479
      ]
    }
  },
  "2d_analysis": {}
}