{
  "algorithm": "ABC_Knapsack",
  "1d_analysis": {
    "pop_size": {
      "values": [
        20,
        50,
        100
      ],
      "mean_scores": [
        -516.6666666666666,
        -511.6666666666667,
        -518.3333333333334
      ],
      "std_scores": [
        6.236095644623236,
        4.714045207910317,
        4.714045207910316
      ],
      "best_scores": [
        -525,
        -515,
        -525
      ]
    },
    "limit": {
      "values": [
        50,
        100,
        200
      ],
      "mean_scores": [
        -506.6666666666667,
        -511.6666666666667,
        -495.0
      ],
      "std_scores": [
        8.498365855987974,
        4.714045207910317,
        10.801234497346433
      ],
      "best_scores": [
        -515,
        -515,
        -510
      ]
    }
  },
  "2d_analysis": {}
}