{
  "algorithm": "ABC_Knapsack",
  "1d_analysis": {
    "pop_size": {
      "values": [
        20,
        50,
        100
      ],
      "mean_scores": [
        -505.0,
        -508.3333333333333,
        -510.0
      ],
      "std_scores": [
        4.08248290463863,
        11.785113019775793,
        4.08248290463863
      ],
      "best_scores": [
        -510,
        -525,
        -515
      ]
    },
    "limit": {
      "values": [
        50,
        100,
        200
      ],
      "mean_scores": [
        -516.6666666666666,
        -513.3333333333334,
        -511.6666666666667
      ],
      "std_scores": [
        6.236095644623236,
        2.357022603955158,
        4.714045207910317
      ],
      "best_scores": [
        -525,
        -515,
        -515
      ]
    }
  },
  "2d_analysis": {}
}