{
  "Grid Pathfinding": {
    "BFS": [
      0.05,
      0.14012738853503193,
      0.0714285714285714,
      1.0,
      1.0
    ],
    "DFS": [
      0.05,
      0.1698513800424628,
      0.4285714285714286,
      1.0,
      1.0
    ],
    "UCS": [
      0.05,
      0.20169851380042458,
      0.0,
      1.0,
      1.0
    ],
    "Greedy": [
      0.05,
      0.49044585987261147,
      0.5,
      1.0,
      1.0
    ],
    "A*": [
      0.05,
      0.0,
      0.0,
      1.0,
      1.0
    ]
  },
  "N-Queens": {
    "BFS": [
      0.0,
      0.0004923553674724968,
      0.08462473136086723,
      0.0,
      0.0
    ],
    "DFS": [
      0.05,
      0.6479478087984145,
      0.882872395044478,
      1.0,
      1.0
    ],
    "UCS": [
      0.0,
      0.0,
      0.0,
      0.0,
      0.0
    ],
    "Greedy": [
      0.05,
      0.9999651735340505,
      0.9999947186970572,
      1.0,
      1.0
    ],
    "A*": [
      0.05,
      0.9999648181855968,
      0.9999943414611329,
      1.0,
      1.0
    ]
  },
  "TSP": {
    "BFS": [
      0.05,
      0.4062957540263543,
      0.07608695652173902,
      1.0,
      1.0
    ],
    "DFS": [
      0.05,
      0.7423133235724744,
      0.8369565217391304,
      1.0,
      1.0
    ],
    "UCS": [
      0.05,
      0.0,
      0.0,
      1.0,
      1.0
    ],
    "Greedy": [
      0.05,
      0.22767203513909218,
      0.6684782608695652,
      1.0,
      1.0
    ],
    "A*": [
      0.05,
      0.12884333821376281,
      0.6141304347826086,
      1.0,
      1.0
    ]
  },
  "Knapsack": {
    "BFS": [
      0.05,
      0.5086035138561855,
      0.18072787427626147,
      1.0,
      1.0
    ],
    "DFS": [
      0.05,
      0.9773591740626698,
      0.977253928866832,
      1.0,
      1.0
    ],
    "UCS": [
      0.05,
      0.9794421300489042,
      0.977253928866832,
      1.0,
      1.0
    ],
    "Greedy": [
      0.05,
      0.0,
      0.0,
      1.0,
      1.0
    ],
    "A*": [
      0.05,
      0.949737366419127,
      0.9607113316790736,
      1.0,
      1.0
    ]
  }
}