{
  "algorithm": "TLBO",
  "1d_analysis": {
    "pop_size": {
      "values": [
        20,
        50,
        100
      ],
      "mean_scores": [
        0.007511622861947657,
        0.028491706253367388,
        0.10387145276702352
      ],
      "std_scores": [
        0.002711514583643522,
        0.03346480555238498,
        0.029154026710626106
      ],
      "best_scores": [
        0.003711868729374901,
        0.0030964493838316898,
        0.06523846744994188
      ]
    }
  },
  "2d_analysis": {}
}