{
  "algorithm": "TLBO",
  "1d_analysis": {
    "pop_size": {
      "values": [
        20,
        50,
        100
      ],
      "mean_scores": [
        0.0051653296474918715,
        0.008869223115366864,
        0.1726535027661074
      ],
      "std_scores": [
        0.0070038345018000134,
        0.006765650357058817,
        0.201065250756816
      ],
      "best_scores": [
        0.0,
        6.323841450495138e-11,
        0.025005470364777516
      ]
    }
  },
  "2d_analysis": {}
}